{"cameraMode":{"drawMode":0,"name":"Shaded","section":"Shading Mode"},"sceneLighting":false,"audioPlay":false,"sceneViewState":{"m_AlwaysRefresh":false,"showFog":true,"showSkybox":false,"showFlares":true,"showImageEffects":true,"showParticleSystems":true,"showVisualEffectGraphs":true,"m_FxEnabled":true},"in2DMode":false,"pivot":{"x":12.144381523132325,"y":2.025782823562622,"z":2.5441291332244875},"rotation":{"x":-0.04135749116539955,"y":0.7679169774055481,"z":-0.049839962273836139,"w":-0.637282133102417},"size":0.8660253882408142,"orthographic":false}